"","Source","Target","Weight"
"1","Q10954578","Q10973854",13
"2","Q10954578","Q11044054",9
"3","Q10954578","Q11127329",7
"4","Q10954578","Q13429672",8
"5","Q10954578","Q15080994",5
"6","Q10954578","Q22897",24
"7","Q10954578","Q3186256",23
"8","Q10954578","Q3621820",19
"9","Q10954578","Q3916099",22
"10","Q10954578","Q4048254",20
"11","Q10954578","Q4167410",27
"12","Q10954578","Q4167836",19
"13","Q10954578","Q4345841",25
"14","Q10954578","Q4592334",19
"15","Q10954578","Q4616152",8
"16","Q10954578","Q4616470",20
"17","Q10954578","Q4654351",17
"18","Q10954578","Q4654366",9
"19","Q10954578","Q4654415",13
"20","Q10954578","Q4654447",3
"21","Q10954578","Q4654593",15
"22","Q10954578","Q4654667",17
"23","Q10954578","Q4654740",11
"24","Q10954578","Q4656487",21
"25","Q10954578","Q4656524",21
"26","Q10954578","Q4656540",10
"27","Q10954578","Q4656551",4
"28","Q10954578","Q4656567",11
"29","Q10954578","Q4657130",4
"30","Q10954578","Q4657322",16
"31","Q10954578","Q4657349",10
"32","Q10954578","Q4657380",9
"33","Q10954578","Q4657574",21
"34","Q10954578","Q4657623",14
"35","Q10954578","Q4657677",13
"36","Q10954578","Q4657775",16
"37","Q10954578","Q4657797",15
"38","Q10954578","Q4663253",21
"39","Q10954578","Q4663261",25
"40","Q10954578","Q4663273",9
"41","Q10954578","Q4663309",17
"42","Q10954578","Q4663321",12
"43","Q10954578","Q4663356",23
"44","Q10954578","Q4663389",17
"45","Q10954578","Q4663903",16
"46","Q10954578","Q4663914",18
"47","Q10954578","Q4663933",9
"48","Q10954578","Q4663944",11
"49","Q10954578","Q4663975",15
"50","Q10954578","Q4663994",15
"51","Q10954578","Q4664011",23
"52","Q10954578","Q4664090",14
"53","Q10954578","Q4664109",20
"54","Q10954578","Q4994848",21
"55","Q10954578","Q55386965",16
"56","Q10954578","Q642335",20
"57","Q10954578","Q79951",18
"58","Q10954578","Q9276887",8
"59","Q10973854","Q11044054",11
"60","Q10973854","Q11127329",9
"61","Q10973854","Q13429672",9
"62","Q10973854","Q15080994",6
"63","Q10973854","Q22897",31
"64","Q10973854","Q3186256",33
"65","Q10973854","Q3621820",28
"66","Q10973854","Q3916099",32
"67","Q10973854","Q4048254",32
"68","Q10973854","Q4167410",31
"69","Q10973854","Q4167836",28
"70","Q10973854","Q4345841",35
"71","Q10973854","Q4592334",32
"72","Q10973854","Q4616152",15
"73","Q10973854","Q4616470",32
"74","Q10973854","Q4654351",27
"75","Q10973854","Q4654366",14
"76","Q10973854","Q4654415",24
"77","Q10973854","Q4654447",4
"78","Q10973854","Q4654593",24
"79","Q10973854","Q4654667",23
"80","Q10973854","Q4654740",17
"81","Q10973854","Q4656487",34
"82","Q10973854","Q4656524",31
"83","Q10973854","Q4656540",14
"84","Q10973854","Q4656551",5
"85","Q10973854","Q4656567",17
"86","Q10973854","Q4657130",4
"87","Q10973854","Q4657322",25
"88","Q10973854","Q4657349",19
"89","Q10973854","Q4657380",14
"90","Q10973854","Q4657574",35
"91","Q10973854","Q4657623",26
"92","Q10973854","Q4657677",18
"93","Q10973854","Q4657775",24
"94","Q10973854","Q4657797",27
"95","Q10973854","Q4663253",29
"96","Q10973854","Q4663261",35
"97","Q10973854","Q4663273",15
"98","Q10973854","Q4663309",23
"99","Q10973854","Q4663321",21
"100","Q10973854","Q4663356",28
"101","Q10973854","Q4663389",32
"102","Q10973854","Q4663903",26
"103","Q10973854","Q4663914",27
"104","Q10973854","Q4663933",15
"105","Q10973854","Q4663944",18
"106","Q10973854","Q4663975",24
"107","Q10973854","Q4663994",20
"108","Q10973854","Q4664011",30
"109","Q10973854","Q4664090",22
"110","Q10973854","Q4664109",26
"111","Q10973854","Q4994848",31
"112","Q10973854","Q55386965",26
"113","Q10973854","Q642335",32
"114","Q10973854","Q79951",35
"115","Q10973854","Q9276887",10
"116","Q11044054","Q11127329",7
"117","Q11044054","Q13429672",8
"118","Q11044054","Q15080994",5
"119","Q11044054","Q22897",13
"120","Q11044054","Q3186256",14
"121","Q11044054","Q3621820",12
"122","Q11044054","Q3916099",13
"123","Q11044054","Q4048254",14
"124","Q11044054","Q4167410",14
"125","Q11044054","Q4167836",12
"126","Q11044054","Q4345841",13
"127","Q11044054","Q4592334",13
"128","Q11044054","Q4616152",8
"129","Q11044054","Q4616470",13
"130","Q11044054","Q4654351",13
"131","Q11044054","Q4654366",9
"132","Q11044054","Q4654415",12
"133","Q11044054","Q4654447",4
"134","Q11044054","Q4654593",10
"135","Q11044054","Q4654667",12
"136","Q11044054","Q4654740",11
"137","Q11044054","Q4656487",14
"138","Q11044054","Q4656524",12
"139","Q11044054","Q4656540",12
"140","Q11044054","Q4656551",5
"141","Q11044054","Q4656567",8
"142","Q11044054","Q4657130",3
"143","Q11044054","Q4657322",13
"144","Q11044054","Q4657349",11
"145","Q11044054","Q4657380",9
"146","Q11044054","Q4657574",13
"147","Q11044054","Q4657623",12
"148","Q11044054","Q4657677",8
"149","Q11044054","Q4657775",12
"150","Q11044054","Q4657797",10
"151","Q11044054","Q4663253",13
"152","Q11044054","Q4663261",14
"153","Q11044054","Q4663273",10
"154","Q11044054","Q4663309",14
"155","Q11044054","Q4663321",11
"156","Q11044054","Q4663356",13
"157","Q11044054","Q4663389",13
"158","Q11044054","Q4663903",12
"159","Q11044054","Q4663914",12
"160","Q11044054","Q4663933",11
"161","Q11044054","Q4663944",11
"162","Q11044054","Q4663975",11
"163","Q11044054","Q4663994",11
"164","Q11044054","Q4664011",14
"165","Q11044054","Q4664090",13
"166","Q11044054","Q4664109",14
"167","Q11044054","Q4994848",14
"168","Q11044054","Q55386965",13
"169","Q11044054","Q642335",14
"170","Q11044054","Q79951",13
"171","Q11044054","Q9276887",8
"172","Q11127329","Q13429672",7
"173","Q11127329","Q15080994",3
"174","Q11127329","Q22897",12
"175","Q11127329","Q3186256",13
"176","Q11127329","Q3621820",13
"177","Q11127329","Q3916099",13
"178","Q11127329","Q4048254",11
"179","Q11127329","Q4167410",13
"180","Q11127329","Q4167836",10
"181","Q11127329","Q4345841",13
"182","Q11127329","Q4592334",13
"183","Q11127329","Q4616152",7
"184","Q11127329","Q4616470",13
"185","Q11127329","Q4654351",11
"186","Q11127329","Q4654366",6
"187","Q11127329","Q4654415",8
"188","Q11127329","Q4654447",3
"189","Q11127329","Q4654593",10
"190","Q11127329","Q4654667",10
"191","Q11127329","Q4654740",7
"192","Q11127329","Q4656487",13
"193","Q11127329","Q4656524",13
"194","Q11127329","Q4656540",8
"195","Q11127329","Q4656551",4
"196","Q11127329","Q4656567",8
"197","Q11127329","Q4657130",3
"198","Q11127329","Q4657322",10
"199","Q11127329","Q4657349",8
"200","Q11127329","Q4657380",7
"201","Q11127329","Q4657574",13
"202","Q11127329","Q4657623",12
"203","Q11127329","Q4657677",8
"204","Q11127329","Q4657775",10
"205","Q11127329","Q4657797",12
"206","Q11127329","Q4663253",13
"207","Q11127329","Q4663261",13
"208","Q11127329","Q4663273",8
"209","Q11127329","Q4663309",11
"210","Q11127329","Q4663321",9
"211","Q11127329","Q4663356",13
"212","Q11127329","Q4663389",12
"213","Q11127329","Q4663903",12
"214","Q11127329","Q4663914",12
"215","Q11127329","Q4663933",9
"216","Q11127329","Q4663944",9
"217","Q11127329","Q4663975",12
"218","Q11127329","Q4663994",11
"219","Q11127329","Q4664011",12
"220","Q11127329","Q4664090",11
"221","Q11127329","Q4664109",11
"222","Q11127329","Q4994848",13
"223","Q11127329","Q55386965",11
"224","Q11127329","Q642335",13
"225","Q11127329","Q79951",12
"226","Q11127329","Q9276887",4
"227","Q13429672","Q15080994",6
"228","Q13429672","Q22897",20
"229","Q13429672","Q3186256",20
"230","Q13429672","Q3621820",18
"231","Q13429672","Q3916099",19
"232","Q13429672","Q4048254",17
"233","Q13429672","Q4167410",19
"234","Q13429672","Q4167836",20
"235","Q13429672","Q4345841",20
"236","Q13429672","Q4592334",19
"237","Q13429672","Q4616152",8
"238","Q13429672","Q4616470",18
"239","Q13429672","Q4654351",20
"240","Q13429672","Q4654366",9
"241","Q13429672","Q4654415",13
"242","Q13429672","Q4654447",4
"243","Q13429672","Q4654593",17
"244","Q13429672","Q4654667",16
"245","Q13429672","Q4654740",11
"246","Q13429672","Q4656487",20
"247","Q13429672","Q4656524",19
"248","Q13429672","Q4656540",10
"249","Q13429672","Q4656551",3
"250","Q13429672","Q4656567",13
"251","Q13429672","Q4657130",2
"252","Q13429672","Q4657322",16
"253","Q13429672","Q4657349",11
"254","Q13429672","Q4657380",11
"255","Q13429672","Q4657574",20
"256","Q13429672","Q4657623",14
"257","Q13429672","Q4657677",10
"258","Q13429672","Q4657775",15
"259","Q13429672","Q4657797",16
"260","Q13429672","Q4663253",19
"261","Q13429672","Q4663261",19
"262","Q13429672","Q4663273",11
"263","Q13429672","Q4663309",18
"264","Q13429672","Q4663321",16
"265","Q13429672","Q4663356",19
"266","Q13429672","Q4663389",18
"267","Q13429672","Q4663903",18
"268","Q13429672","Q4663914",19
"269","Q13429672","Q4663933",12
"270","Q13429672","Q4663944",12
"271","Q13429672","Q4663975",15
"272","Q13429672","Q4663994",16
"273","Q13429672","Q4664011",19
"274","Q13429672","Q4664090",16
"275","Q13429672","Q4664109",20
"276","Q13429672","Q4994848",19
"277","Q13429672","Q55386965",18
"278","Q13429672","Q642335",19
"279","Q13429672","Q79951",20
"280","Q13429672","Q9276887",9
"281","Q15080994","Q22897",14
"282","Q15080994","Q3186256",14
"283","Q15080994","Q3621820",13
"284","Q15080994","Q3916099",13
"285","Q15080994","Q4048254",13
"286","Q15080994","Q4167410",14
"287","Q15080994","Q4167836",14
"288","Q15080994","Q4345841",14
"289","Q15080994","Q4592334",14
"290","Q15080994","Q4616152",6
"291","Q15080994","Q4616470",14
"292","Q15080994","Q4654351",13
"293","Q15080994","Q4654366",10
"294","Q15080994","Q4654415",9
"295","Q15080994","Q4654447",5
"296","Q15080994","Q4654593",10
"297","Q15080994","Q4654667",12
"298","Q15080994","Q4654740",12
"299","Q15080994","Q4656487",14
"300","Q15080994","Q4656524",13
"301","Q15080994","Q4656540",9
"302","Q15080994","Q4656551",2
"303","Q15080994","Q4656567",11
"304","Q15080994","Q4657130",2
"305","Q15080994","Q4657322",12
"306","Q15080994","Q4657349",8
"307","Q15080994","Q4657380",9
"308","Q15080994","Q4657574",14
"309","Q15080994","Q4657623",13
"310","Q15080994","Q4657677",9
"311","Q15080994","Q4657775",13
"312","Q15080994","Q4657797",12
"313","Q15080994","Q4663253",14
"314","Q15080994","Q4663261",13
"315","Q15080994","Q4663273",8
"316","Q15080994","Q4663309",11
"317","Q15080994","Q4663321",11
"318","Q15080994","Q4663356",13
"319","Q15080994","Q4663389",13
"320","Q15080994","Q4663903",13
"321","Q15080994","Q4663914",12
"322","Q15080994","Q4663933",10
"323","Q15080994","Q4663944",9
"324","Q15080994","Q4663975",12
"325","Q15080994","Q4663994",10
"326","Q15080994","Q4664011",14
"327","Q15080994","Q4664090",11
"328","Q15080994","Q4664109",11
"329","Q15080994","Q4994848",14
"330","Q15080994","Q55386965",12
"331","Q15080994","Q642335",13
"332","Q15080994","Q79951",13
"333","Q15080994","Q9276887",7
"334","Q22897","Q3186256",73
"335","Q22897","Q3621820",59
"336","Q22897","Q3916099",67
"337","Q22897","Q4048254",76
"338","Q22897","Q4167410",81
"339","Q22897","Q4167836",70
"340","Q22897","Q4345841",79
"341","Q22897","Q4592334",69
"342","Q22897","Q4616152",21
"343","Q22897","Q4616470",63
"344","Q22897","Q4654351",65
"345","Q22897","Q4654366",21
"346","Q22897","Q4654415",40
"347","Q22897","Q4654447",5
"348","Q22897","Q4654593",51
"349","Q22897","Q4654667",48
"350","Q22897","Q4654740",34
"351","Q22897","Q4656487",80
"352","Q22897","Q4656524",67
"353","Q22897","Q4656540",28
"354","Q22897","Q4656551",6
"355","Q22897","Q4656567",33
"356","Q22897","Q4657130",7
"357","Q22897","Q4657322",48
"358","Q22897","Q4657349",25
"359","Q22897","Q4657380",26
"360","Q22897","Q4657574",74
"361","Q22897","Q4657623",52
"362","Q22897","Q4657677",36
"363","Q22897","Q4657775",44
"364","Q22897","Q4657797",56
"365","Q22897","Q4663253",69
"366","Q22897","Q4663261",81
"367","Q22897","Q4663273",24
"368","Q22897","Q4663309",49
"369","Q22897","Q4663321",46
"370","Q22897","Q4663356",68
"371","Q22897","Q4663389",62
"372","Q22897","Q4663903",56
"373","Q22897","Q4663914",61
"374","Q22897","Q4663933",27
"375","Q22897","Q4663944",29
"376","Q22897","Q4663975",48
"377","Q22897","Q4663994",43
"378","Q22897","Q4664011",73
"379","Q22897","Q4664090",46
"380","Q22897","Q4664109",69
"381","Q22897","Q4994848",74
"382","Q22897","Q55386965",55
"383","Q22897","Q642335",75
"384","Q22897","Q79951",70
"385","Q22897","Q9276887",16
"386","Q3186256","Q3621820",64
"387","Q3186256","Q3916099",72
"388","Q3186256","Q4048254",77
"389","Q3186256","Q4167410",82
"390","Q3186256","Q4167836",71
"391","Q3186256","Q4345841",85
"392","Q3186256","Q4592334",75
"393","Q3186256","Q4616152",21
"394","Q3186256","Q4616470",71
"395","Q3186256","Q4654351",69
"396","Q3186256","Q4654366",20
"397","Q3186256","Q4654415",40
"398","Q3186256","Q4654447",5
"399","Q3186256","Q4654593",54
"400","Q3186256","Q4654667",53
"401","Q3186256","Q4654740",35
"402","Q3186256","Q4656487",83
"403","Q3186256","Q4656524",71
"404","Q3186256","Q4656540",26
"405","Q3186256","Q4656551",7
"406","Q3186256","Q4656567",33
"407","Q3186256","Q4657130",8
"408","Q3186256","Q4657322",50
"409","Q3186256","Q4657349",26
"410","Q3186256","Q4657380",27
"411","Q3186256","Q4657574",82
"412","Q3186256","Q4657623",52
"413","Q3186256","Q4657677",40
"414","Q3186256","Q4657775",46
"415","Q3186256","Q4657797",58
"416","Q3186256","Q4663253",71
"417","Q3186256","Q4663261",85
"418","Q3186256","Q4663273",25
"419","Q3186256","Q4663309",51
"420","Q3186256","Q4663321",47
"421","Q3186256","Q4663356",67
"422","Q3186256","Q4663389",64
"423","Q3186256","Q4663903",58
"424","Q3186256","Q4663914",65
"425","Q3186256","Q4663933",27
"426","Q3186256","Q4663944",29
"427","Q3186256","Q4663975",46
"428","Q3186256","Q4663994",44
"429","Q3186256","Q4664011",79
"430","Q3186256","Q4664090",46
"431","Q3186256","Q4664109",68
"432","Q3186256","Q4994848",80
"433","Q3186256","Q55386965",55
"434","Q3186256","Q642335",75
"435","Q3186256","Q79951",78
"436","Q3186256","Q9276887",18
"437","Q3621820","Q3916099",61
"438","Q3621820","Q4048254",53
"439","Q3621820","Q4167410",62
"440","Q3621820","Q4167836",57
"441","Q3621820","Q4345841",65
"442","Q3621820","Q4592334",56
"443","Q3621820","Q4616152",20
"444","Q3621820","Q4616470",57
"445","Q3621820","Q4654351",56
"446","Q3621820","Q4654366",19
"447","Q3621820","Q4654415",39
"448","Q3621820","Q4654447",5
"449","Q3621820","Q4654593",44
"450","Q3621820","Q4654667",45
"451","Q3621820","Q4654740",33
"452","Q3621820","Q4656487",65
"453","Q3621820","Q4656524",59
"454","Q3621820","Q4656540",24
"455","Q3621820","Q4656551",7
"456","Q3621820","Q4656567",33
"457","Q3621820","Q4657130",6
"458","Q3621820","Q4657322",44
"459","Q3621820","Q4657349",25
"460","Q3621820","Q4657380",25
"461","Q3621820","Q4657574",59
"462","Q3621820","Q4657623",46
"463","Q3621820","Q4657677",36
"464","Q3621820","Q4657775",43
"465","Q3621820","Q4657797",49
"466","Q3621820","Q4663253",58
"467","Q3621820","Q4663261",64
"468","Q3621820","Q4663273",22
"469","Q3621820","Q4663309",41
"470","Q3621820","Q4663321",40
"471","Q3621820","Q4663356",58
"472","Q3621820","Q4663389",52
"473","Q3621820","Q4663903",49
"474","Q3621820","Q4663914",51
"475","Q3621820","Q4663933",25
"476","Q3621820","Q4663944",28
"477","Q3621820","Q4663975",42
"478","Q3621820","Q4663994",41
"479","Q3621820","Q4664011",59
"480","Q3621820","Q4664090",39
"481","Q3621820","Q4664109",49
"482","Q3621820","Q4994848",60
"483","Q3621820","Q55386965",46
"484","Q3621820","Q642335",58
"485","Q3621820","Q79951",61
"486","Q3621820","Q9276887",15
"487","Q3916099","Q4048254",66
"488","Q3916099","Q4167410",71
"489","Q3916099","Q4167836",66
"490","Q3916099","Q4345841",76
"491","Q3916099","Q4592334",67
"492","Q3916099","Q4616152",21
"493","Q3916099","Q4616470",65
"494","Q3916099","Q4654351",64
"495","Q3916099","Q4654366",20
"496","Q3916099","Q4654415",41
"497","Q3916099","Q4654447",5
"498","Q3916099","Q4654593",54
"499","Q3916099","Q4654667",49
"500","Q3916099","Q4654740",34
"501","Q3916099","Q4656487",74
"502","Q3916099","Q4656524",67
"503","Q3916099","Q4656540",26
"504","Q3916099","Q4656551",6
"505","Q3916099","Q4656567",34
"506","Q3916099","Q4657130",6
"507","Q3916099","Q4657322",50
"508","Q3916099","Q4657349",25
"509","Q3916099","Q4657380",26
"510","Q3916099","Q4657574",69
"511","Q3916099","Q4657623",52
"512","Q3916099","Q4657677",34
"513","Q3916099","Q4657775",46
"514","Q3916099","Q4657797",56
"515","Q3916099","Q4663253",66
"516","Q3916099","Q4663261",74
"517","Q3916099","Q4663273",24
"518","Q3916099","Q4663309",49
"519","Q3916099","Q4663321",46
"520","Q3916099","Q4663356",69
"521","Q3916099","Q4663389",60
"522","Q3916099","Q4663903",54
"523","Q3916099","Q4663914",58
"524","Q3916099","Q4663933",27
"525","Q3916099","Q4663944",29
"526","Q3916099","Q4663975",47
"527","Q3916099","Q4663994",44
"528","Q3916099","Q4664011",68
"529","Q3916099","Q4664090",42
"530","Q3916099","Q4664109",59
"531","Q3916099","Q4994848",74
"532","Q3916099","Q55386965",52
"533","Q3916099","Q642335",69
"534","Q3916099","Q79951",70
"535","Q3916099","Q9276887",18
"536","Q4048254","Q4167410",80
"537","Q4048254","Q4167836",69
"538","Q4048254","Q4345841",86
"539","Q4048254","Q4592334",72
"540","Q4048254","Q4616152",20
"541","Q4048254","Q4616470",75
"542","Q4048254","Q4654351",61
"543","Q4048254","Q4654366",19
"544","Q4048254","Q4654415",38
"545","Q4048254","Q4654447",5
"546","Q4048254","Q4654593",49
"547","Q4048254","Q4654667",45
"548","Q4048254","Q4654740",34
"549","Q4048254","Q4656487",82
"550","Q4048254","Q4656524",62
"551","Q4048254","Q4656540",24
"552","Q4048254","Q4656551",6
"553","Q4048254","Q4656567",30
"554","Q4048254","Q4657130",6
"555","Q4048254","Q4657322",45
"556","Q4048254","Q4657349",26
"557","Q4048254","Q4657380",27
"558","Q4048254","Q4657574",76
"559","Q4048254","Q4657623",50
"560","Q4048254","Q4657677",37
"561","Q4048254","Q4657775",41
"562","Q4048254","Q4657797",57
"563","Q4048254","Q4663253",72
"564","Q4048254","Q4663261",96
"565","Q4048254","Q4663273",22
"566","Q4048254","Q4663309",48
"567","Q4048254","Q4663321",44
"568","Q4048254","Q4663356",59
"569","Q4048254","Q4663389",61
"570","Q4048254","Q4663903",60
"571","Q4048254","Q4663914",57
"572","Q4048254","Q4663933",23
"573","Q4048254","Q4663944",25
"574","Q4048254","Q4663975",39
"575","Q4048254","Q4663994",39
"576","Q4048254","Q4664011",77
"577","Q4048254","Q4664090",43
"578","Q4048254","Q4664109",71
"579","Q4048254","Q4994848",82
"580","Q4048254","Q55386965",59
"581","Q4048254","Q642335",81
"582","Q4048254","Q79951",73
"583","Q4048254","Q9276887",17
"584","Q4167410","Q4167836",73
"585","Q4167410","Q4345841",87
"586","Q4167410","Q4592334",80
"587","Q4167410","Q4616152",21
"588","Q4167410","Q4616470",70
"589","Q4167410","Q4654351",69
"590","Q4167410","Q4654366",21
"591","Q4167410","Q4654415",41
"592","Q4167410","Q4654447",5
"593","Q4167410","Q4654593",56
"594","Q4167410","Q4654667",52
"595","Q4167410","Q4654740",33
"596","Q4167410","Q4656487",90
"597","Q4167410","Q4656524",73
"598","Q4167410","Q4656540",27
"599","Q4167410","Q4656551",5
"600","Q4167410","Q4656567",34
"601","Q4167410","Q4657130",8
"602","Q4167410","Q4657322",49
"603","Q4167410","Q4657349",27
"604","Q4167410","Q4657380",27
"605","Q4167410","Q4657574",79
"606","Q4167410","Q4657623",54
"607","Q4167410","Q4657677",37
"608","Q4167410","Q4657775",46
"609","Q4167410","Q4657797",60
"610","Q4167410","Q4663253",73
"611","Q4167410","Q4663261",92
"612","Q4167410","Q4663273",25
"613","Q4167410","Q4663309",51
"614","Q4167410","Q4663321",48
"615","Q4167410","Q4663356",69
"616","Q4167410","Q4663389",66
"617","Q4167410","Q4663903",63
"618","Q4167410","Q4663914",64
"619","Q4167410","Q4663933",27
"620","Q4167410","Q4663944",30
"621","Q4167410","Q4663975",48
"622","Q4167410","Q4663994",46
"623","Q4167410","Q4664011",80
"624","Q4167410","Q4664090",45
"625","Q4167410","Q4664109",69
"626","Q4167410","Q4994848",78
"627","Q4167410","Q55386965",56
"628","Q4167410","Q642335",83
"629","Q4167410","Q79951",76
"630","Q4167410","Q9276887",18
"631","Q4167836","Q4345841",74
"632","Q4167836","Q4592334",68
"633","Q4167836","Q4616152",20
"634","Q4167836","Q4616470",64
"635","Q4167836","Q4654351",63
"636","Q4167836","Q4654366",20
"637","Q4167836","Q4654415",40
"638","Q4167836","Q4654447",5
"639","Q4167836","Q4654593",49
"640","Q4167836","Q4654667",49
"641","Q4167836","Q4654740",32
"642","Q4167836","Q4656487",73
"643","Q4167836","Q4656524",66
"644","Q4167836","Q4656540",27
"645","Q4167836","Q4656551",6
"646","Q4167836","Q4656567",31
"647","Q4167836","Q4657130",5
"648","Q4167836","Q4657322",46
"649","Q4167836","Q4657349",24
"650","Q4167836","Q4657380",25
"651","Q4167836","Q4657574",72
"652","Q4167836","Q4657623",50
"653","Q4167836","Q4657677",34
"654","Q4167836","Q4657775",44
"655","Q4167836","Q4657797",53
"656","Q4167836","Q4663253",65
"657","Q4167836","Q4663261",76
"658","Q4167836","Q4663273",22
"659","Q4167836","Q4663309",47
"660","Q4167836","Q4663321",46
"661","Q4167836","Q4663356",63
"662","Q4167836","Q4663389",61
"663","Q4167836","Q4663903",55
"664","Q4167836","Q4663914",59
"665","Q4167836","Q4663933",26
"666","Q4167836","Q4663944",28
"667","Q4167836","Q4663975",44
"668","Q4167836","Q4663994",44
"669","Q4167836","Q4664011",68
"670","Q4167836","Q4664090",42
"671","Q4167836","Q4664109",59
"672","Q4167836","Q4994848",67
"673","Q4167836","Q55386965",51
"674","Q4167836","Q642335",71
"675","Q4167836","Q79951",71
"676","Q4167836","Q9276887",17
"677","Q4345841","Q4592334",80
"678","Q4345841","Q4616152",22
"679","Q4345841","Q4616470",75
"680","Q4345841","Q4654351",71
"681","Q4345841","Q4654366",21
"682","Q4345841","Q4654415",43
"683","Q4345841","Q4654447",5
"684","Q4345841","Q4654593",57
"685","Q4345841","Q4654667",54
"686","Q4345841","Q4654740",36
"687","Q4345841","Q4656487",98
"688","Q4345841","Q4656524",77
"689","Q4345841","Q4656540",28
"690","Q4345841","Q4656551",7
"691","Q4345841","Q4656567",35
"692","Q4345841","Q4657130",8
"693","Q4345841","Q4657322",50
"694","Q4345841","Q4657349",26
"695","Q4345841","Q4657380",27
"696","Q4345841","Q4657574",87
"697","Q4345841","Q4657623",56
"698","Q4345841","Q4657677",42
"699","Q4345841","Q4657775",47
"700","Q4345841","Q4657797",65
"701","Q4345841","Q4663253",81
"702","Q4345841","Q4663261",95
"703","Q4345841","Q4663273",24
"704","Q4345841","Q4663309",51
"705","Q4345841","Q4663321",49
"706","Q4345841","Q4663356",71
"707","Q4345841","Q4663389",67
"708","Q4345841","Q4663903",65
"709","Q4345841","Q4663914",68
"710","Q4345841","Q4663933",27
"711","Q4345841","Q4663944",30
"712","Q4345841","Q4663975",48
"713","Q4345841","Q4663994",48
"714","Q4345841","Q4664011",82
"715","Q4345841","Q4664090",46
"716","Q4345841","Q4664109",73
"717","Q4345841","Q4994848",84
"718","Q4345841","Q55386965",61
"719","Q4345841","Q642335",85
"720","Q4345841","Q79951",86
"721","Q4345841","Q9276887",18
"722","Q4592334","Q4616152",22
"723","Q4592334","Q4616470",70
"724","Q4592334","Q4654351",64
"725","Q4592334","Q4654366",21
"726","Q4592334","Q4654415",41
"727","Q4592334","Q4654447",5
"728","Q4592334","Q4654593",54
"729","Q4592334","Q4654667",53
"730","Q4592334","Q4654740",30
"731","Q4592334","Q4656487",82
"732","Q4592334","Q4656524",67
"733","Q4592334","Q4656540",27
"734","Q4592334","Q4656551",5
"735","Q4592334","Q4656567",34
"736","Q4592334","Q4657130",6
"737","Q4592334","Q4657322",47
"738","Q4592334","Q4657349",27
"739","Q4592334","Q4657380",27
"740","Q4592334","Q4657574",77
"741","Q4592334","Q4657623",55
"742","Q4592334","Q4657677",37
"743","Q4592334","Q4657775",45
"744","Q4592334","Q4657797",59
"745","Q4592334","Q4663253",73
"746","Q4592334","Q4663261",83
"747","Q4592334","Q4663273",26
"748","Q4592334","Q4663309",50
"749","Q4592334","Q4663321",48
"750","Q4592334","Q4663356",65
"751","Q4592334","Q4663389",64
"752","Q4592334","Q4663903",59
"753","Q4592334","Q4663914",63
"754","Q4592334","Q4663933",27
"755","Q4592334","Q4663944",29
"756","Q4592334","Q4663975",45
"757","Q4592334","Q4663994",43
"758","Q4592334","Q4664011",76
"759","Q4592334","Q4664090",45
"760","Q4592334","Q4664109",63
"761","Q4592334","Q4994848",75
"762","Q4592334","Q55386965",53
"763","Q4592334","Q642335",79
"764","Q4592334","Q79951",73
"765","Q4592334","Q9276887",17
"766","Q4616152","Q4616470",21
"767","Q4616152","Q4654351",20
"768","Q4616152","Q4654366",12
"769","Q4616152","Q4654415",19
"770","Q4616152","Q4654447",4
"771","Q4616152","Q4654593",19
"772","Q4616152","Q4654667",20
"773","Q4616152","Q4654740",16
"774","Q4616152","Q4656487",22
"775","Q4616152","Q4656524",21
"776","Q4616152","Q4656540",15
"777","Q4616152","Q4656551",3
"778","Q4616152","Q4656567",14
"779","Q4616152","Q4657130",4
"780","Q4616152","Q4657322",16
"781","Q4616152","Q4657349",13
"782","Q4616152","Q4657380",12
"783","Q4616152","Q4657574",22
"784","Q4616152","Q4657623",21
"785","Q4616152","Q4657677",14
"786","Q4616152","Q4657775",20
"787","Q4616152","Q4657797",19
"788","Q4616152","Q4663253",21
"789","Q4616152","Q4663261",22
"790","Q4616152","Q4663273",14
"791","Q4616152","Q4663309",19
"792","Q4616152","Q4663321",15
"793","Q4616152","Q4663356",21
"794","Q4616152","Q4663389",20
"795","Q4616152","Q4663903",18
"796","Q4616152","Q4663914",19
"797","Q4616152","Q4663933",15
"798","Q4616152","Q4663944",15
"799","Q4616152","Q4663975",19
"800","Q4616152","Q4663994",19
"801","Q4616152","Q4664011",22
"802","Q4616152","Q4664090",17
"803","Q4616152","Q4664109",19
"804","Q4616152","Q4994848",21
"805","Q4616152","Q55386965",20
"806","Q4616152","Q642335",22
"807","Q4616152","Q79951",21
"808","Q4616152","Q9276887",6
"809","Q4616470","Q4654351",62
"810","Q4616470","Q4654366",20
"811","Q4616470","Q4654415",41
"812","Q4616470","Q4654447",5
"813","Q4616470","Q4654593",49
"814","Q4616470","Q4654667",49
"815","Q4616470","Q4654740",33
"816","Q4616470","Q4656487",74
"817","Q4616470","Q4656524",61
"818","Q4616470","Q4656540",27
"819","Q4616470","Q4656551",6
"820","Q4616470","Q4656567",32
"821","Q4616470","Q4657130",7
"822","Q4616470","Q4657322",46
"823","Q4616470","Q4657349",26
"824","Q4616470","Q4657380",25
"825","Q4616470","Q4657574",73
"826","Q4616470","Q4657623",49
"827","Q4616470","Q4657677",34
"828","Q4616470","Q4657775",44
"829","Q4616470","Q4657797",53
"830","Q4616470","Q4663253",70
"831","Q4616470","Q4663261",76
"832","Q4616470","Q4663273",26
"833","Q4616470","Q4663309",46
"834","Q4616470","Q4663321",45
"835","Q4616470","Q4663356",60
"836","Q4616470","Q4663389",60
"837","Q4616470","Q4663903",53
"838","Q4616470","Q4663914",58
"839","Q4616470","Q4663933",25
"840","Q4616470","Q4663944",30
"841","Q4616470","Q4663975",43
"842","Q4616470","Q4663994",41
"843","Q4616470","Q4664011",71
"844","Q4616470","Q4664090",44
"845","Q4616470","Q4664109",58
"846","Q4616470","Q4994848",76
"847","Q4616470","Q55386965",52
"848","Q4616470","Q642335",73
"849","Q4616470","Q79951",68
"850","Q4616470","Q9276887",15
"851","Q4654351","Q4654366",20
"852","Q4654351","Q4654415",38
"853","Q4654351","Q4654447",5
"854","Q4654351","Q4654593",53
"855","Q4654351","Q4654667",49
"856","Q4654351","Q4654740",34
"857","Q4654351","Q4656487",73
"858","Q4654351","Q4656524",64
"859","Q4654351","Q4656540",25
"860","Q4654351","Q4656551",5
"861","Q4654351","Q4656567",32
"862","Q4654351","Q4657130",5
"863","Q4654351","Q4657322",47
"864","Q4654351","Q4657349",23
"865","Q4654351","Q4657380",26
"866","Q4654351","Q4657574",69
"867","Q4654351","Q4657623",51
"868","Q4654351","Q4657677",35
"869","Q4654351","Q4657775",44
"870","Q4654351","Q4657797",52
"871","Q4654351","Q4663253",64
"872","Q4654351","Q4663261",69
"873","Q4654351","Q4663273",24
"874","Q4654351","Q4663309",49
"875","Q4654351","Q4663321",45
"876","Q4654351","Q4663356",63
"877","Q4654351","Q4663389",60
"878","Q4654351","Q4663903",54
"879","Q4654351","Q4663914",62
"880","Q4654351","Q4663933",26
"881","Q4654351","Q4663944",28
"882","Q4654351","Q4663975",45
"883","Q4654351","Q4663994",43
"884","Q4654351","Q4664011",65
"885","Q4654351","Q4664090",42
"886","Q4654351","Q4664109",60
"887","Q4654351","Q4994848",68
"888","Q4654351","Q55386965",52
"889","Q4654351","Q642335",65
"890","Q4654351","Q79951",67
"891","Q4654351","Q9276887",18
"892","Q4654366","Q4654415",16
"893","Q4654366","Q4654447",4
"894","Q4654366","Q4654593",18
"895","Q4654366","Q4654667",20
"896","Q4654366","Q4654740",15
"897","Q4654366","Q4656487",21
"898","Q4654366","Q4656524",20
"899","Q4654366","Q4656540",15
"900","Q4654366","Q4656551",4
"901","Q4654366","Q4656567",15
"902","Q4654366","Q4657130",3
"903","Q4654366","Q4657322",19
"904","Q4654366","Q4657349",15
"905","Q4654366","Q4657380",11
"906","Q4654366","Q4657574",20
"907","Q4654366","Q4657623",19
"908","Q4654366","Q4657677",15
"909","Q4654366","Q4657775",19
"910","Q4654366","Q4657797",18
"911","Q4654366","Q4663253",21
"912","Q4654366","Q4663261",20
"913","Q4654366","Q4663273",13
"914","Q4654366","Q4663309",18
"915","Q4654366","Q4663321",16
"916","Q4654366","Q4663356",21
"917","Q4654366","Q4663389",19
"918","Q4654366","Q4663903",17
"919","Q4654366","Q4663914",18
"920","Q4654366","Q4663933",17
"921","Q4654366","Q4663944",13
"922","Q4654366","Q4663975",20
"923","Q4654366","Q4663994",16
"924","Q4654366","Q4664011",20
"925","Q4654366","Q4664090",16
"926","Q4654366","Q4664109",19
"927","Q4654366","Q4994848",20
"928","Q4654366","Q55386965",20
"929","Q4654366","Q642335",21
"930","Q4654366","Q79951",20
"931","Q4654366","Q9276887",11
"932","Q4654415","Q4654447",5
"933","Q4654415","Q4654593",33
"934","Q4654415","Q4654667",36
"935","Q4654415","Q4654740",22
"936","Q4654415","Q4656487",42
"937","Q4654415","Q4656524",40
"938","Q4654415","Q4656540",22
"939","Q4654415","Q4656551",5
"940","Q4654415","Q4656567",24
"941","Q4654415","Q4657130",5
"942","Q4654415","Q4657322",31
"943","Q4654415","Q4657349",20
"944","Q4654415","Q4657380",22
"945","Q4654415","Q4657574",42
"946","Q4654415","Q4657623",35
"947","Q4654415","Q4657677",22
"948","Q4654415","Q4657775",33
"949","Q4654415","Q4657797",33
"950","Q4654415","Q4663253",39
"951","Q4654415","Q4663261",41
"952","Q4654415","Q4663273",19
"953","Q4654415","Q4663309",33
"954","Q4654415","Q4663321",33
"955","Q4654415","Q4663356",40
"956","Q4654415","Q4663389",39
"957","Q4654415","Q4663903",31
"958","Q4654415","Q4663914",37
"959","Q4654415","Q4663933",22
"960","Q4654415","Q4663944",26
"961","Q4654415","Q4663975",29
"962","Q4654415","Q4663994",35
"963","Q4654415","Q4664011",41
"964","Q4654415","Q4664090",29
"965","Q4654415","Q4664109",36
"966","Q4654415","Q4994848",40
"967","Q4654415","Q55386965",34
"968","Q4654415","Q642335",41
"969","Q4654415","Q79951",41
"970","Q4654415","Q9276887",13
"971","Q4654447","Q4654593",5
"972","Q4654447","Q4654667",5
"973","Q4654447","Q4654740",5
"974","Q4654447","Q4656487",5
"975","Q4654447","Q4656524",5
"976","Q4654447","Q4656540",5
"977","Q4654447","Q4656551",2
"978","Q4654447","Q4656567",5
"979","Q4654447","Q4657130",2
"980","Q4654447","Q4657322",5
"981","Q4654447","Q4657349",4
"982","Q4654447","Q4657380",5
"983","Q4654447","Q4657574",5
"984","Q4654447","Q4657623",5
"985","Q4654447","Q4657677",4
"986","Q4654447","Q4657775",5
"987","Q4654447","Q4657797",5
"988","Q4654447","Q4663253",5
"989","Q4654447","Q4663261",5
"990","Q4654447","Q4663273",5
"991","Q4654447","Q4663309",5
"992","Q4654447","Q4663321",5
"993","Q4654447","Q4663356",5
"994","Q4654447","Q4663389",5
"995","Q4654447","Q4663903",5
"996","Q4654447","Q4663914",5
"997","Q4654447","Q4663933",5
"998","Q4654447","Q4663944",5
"999","Q4654447","Q4663975",5
"1000","Q4654447","Q4663994",5
"1001","Q4654447","Q4664011",5
"1002","Q4654447","Q4664090",5
"1003","Q4654447","Q4664109",5
"1004","Q4654447","Q4994848",5
"1005","Q4654447","Q55386965",5
"1006","Q4654447","Q642335",5
"1007","Q4654447","Q79951",5
"1008","Q4654447","Q9276887",3
"1009","Q4654593","Q4654667",43
"1010","Q4654593","Q4654740",29
"1011","Q4654593","Q4656487",57
"1012","Q4654593","Q4656524",55
"1013","Q4654593","Q4656540",20
"1014","Q4654593","Q4656551",3
"1015","Q4654593","Q4656567",28
"1016","Q4654593","Q4657130",4
"1017","Q4654593","Q4657322",39
"1018","Q4654593","Q4657349",21
"1019","Q4654593","Q4657380",24
"1020","Q4654593","Q4657574",55
"1021","Q4654593","Q4657623",41
"1022","Q4654593","Q4657677",27
"1023","Q4654593","Q4657775",39
"1024","Q4654593","Q4657797",45
"1025","Q4654593","Q4663253",50
"1026","Q4654593","Q4663261",56
"1027","Q4654593","Q4663273",24
"1028","Q4654593","Q4663309",40
"1029","Q4654593","Q4663321",36
"1030","Q4654593","Q4663356",54
"1031","Q4654593","Q4663389",49
"1032","Q4654593","Q4663903",42
"1033","Q4654593","Q4663914",49
"1034","Q4654593","Q4663933",23
"1035","Q4654593","Q4663944",26
"1036","Q4654593","Q4663975",36
"1037","Q4654593","Q4663994",37
"1038","Q4654593","Q4664011",55
"1039","Q4654593","Q4664090",33
"1040","Q4654593","Q4664109",47
"1041","Q4654593","Q4994848",53
"1042","Q4654593","Q55386965",42
"1043","Q4654593","Q642335",55
"1044","Q4654593","Q79951",57
"1045","Q4654593","Q9276887",17
"1046","Q4654667","Q4654740",29
"1047","Q4654667","Q4656487",57
"1048","Q4654667","Q4656524",51
"1049","Q4654667","Q4656540",23
"1050","Q4654667","Q4656551",5
"1051","Q4654667","Q4656567",30
"1052","Q4654667","Q4657130",4
"1053","Q4654667","Q4657322",37
"1054","Q4654667","Q4657349",21
"1055","Q4654667","Q4657380",23
"1056","Q4654667","Q4657574",56
"1057","Q4654667","Q4657623",38
"1058","Q4654667","Q4657677",27
"1059","Q4654667","Q4657775",39
"1060","Q4654667","Q4657797",40
"1061","Q4654667","Q4663253",46
"1062","Q4654667","Q4663261",53
"1063","Q4654667","Q4663273",22
"1064","Q4654667","Q4663309",39
"1065","Q4654667","Q4663321",40
"1066","Q4654667","Q4663356",51
"1067","Q4654667","Q4663389",47
"1068","Q4654667","Q4663903",40
"1069","Q4654667","Q4663914",51
"1070","Q4654667","Q4663933",26
"1071","Q4654667","Q4663944",26
"1072","Q4654667","Q4663975",37
"1073","Q4654667","Q4663994",39
"1074","Q4654667","Q4664011",50
"1075","Q4654667","Q4664090",33
"1076","Q4654667","Q4664109",47
"1077","Q4654667","Q4994848",50
"1078","Q4654667","Q55386965",41
"1079","Q4654667","Q642335",54
"1080","Q4654667","Q79951",53
"1081","Q4654667","Q9276887",14
"1082","Q4654740","Q4656487",36
"1083","Q4654740","Q4656524",33
"1084","Q4654740","Q4656540",18
"1085","Q4654740","Q4656551",5
"1086","Q4654740","Q4656567",21
"1087","Q4654740","Q4657130",3
"1088","Q4654740","Q4657322",27
"1089","Q4654740","Q4657349",19
"1090","Q4654740","Q4657380",16
"1091","Q4654740","Q4657574",34
"1092","Q4654740","Q4657623",27
"1093","Q4654740","Q4657677",24
"1094","Q4654740","Q4657775",29
"1095","Q4654740","Q4657797",28
"1096","Q4654740","Q4663253",31
"1097","Q4654740","Q4663261",36
"1098","Q4654740","Q4663273",17
"1099","Q4654740","Q4663309",26
"1100","Q4654740","Q4663321",25
"1101","Q4654740","Q4663356",33
"1102","Q4654740","Q4663389",30
"1103","Q4654740","Q4663903",31
"1104","Q4654740","Q4663914",31
"1105","Q4654740","Q4663933",17
"1106","Q4654740","Q4663944",21
"1107","Q4654740","Q4663975",28
"1108","Q4654740","Q4663994",23
"1109","Q4654740","Q4664011",37
"1110","Q4654740","Q4664090",24
"1111","Q4654740","Q4664109",32
"1112","Q4654740","Q4994848",36
"1113","Q4654740","Q55386965",31
"1114","Q4654740","Q642335",34
"1115","Q4654740","Q79951",33
"1116","Q4654740","Q9276887",11
"1117","Q4656487","Q4656524",78
"1118","Q4656487","Q4656540",28
"1119","Q4656487","Q4656551",6
"1120","Q4656487","Q4656567",35
"1121","Q4656487","Q4657130",8
"1122","Q4656487","Q4657322",49
"1123","Q4656487","Q4657349",26
"1124","Q4656487","Q4657380",27
"1125","Q4656487","Q4657574",90
"1126","Q4656487","Q4657623",56
"1127","Q4656487","Q4657677",39
"1128","Q4656487","Q4657775",46
"1129","Q4656487","Q4657797",64
"1130","Q4656487","Q4663253",79
"1131","Q4656487","Q4663261",93
"1132","Q4656487","Q4663273",25
"1133","Q4656487","Q4663309",54
"1134","Q4656487","Q4663321",51
"1135","Q4656487","Q4663356",71
"1136","Q4656487","Q4663389",67
"1137","Q4656487","Q4663903",64
"1138","Q4656487","Q4663914",72
"1139","Q4656487","Q4663933",27
"1140","Q4656487","Q4663944",30
"1141","Q4656487","Q4663975",48
"1142","Q4656487","Q4663994",47
"1143","Q4656487","Q4664011",85
"1144","Q4656487","Q4664090",48
"1145","Q4656487","Q4664109",70
"1146","Q4656487","Q4994848",86
"1147","Q4656487","Q55386965",60
"1148","Q4656487","Q642335",88
"1149","Q4656487","Q79951",86
"1150","Q4656487","Q9276887",18
"1151","Q4656524","Q4656540",25
"1152","Q4656524","Q4656551",6
"1153","Q4656524","Q4656567",33
"1154","Q4656524","Q4657130",7
"1155","Q4656524","Q4657322",45
"1156","Q4656524","Q4657349",24
"1157","Q4656524","Q4657380",26
"1158","Q4656524","Q4657574",75
"1159","Q4656524","Q4657623",54
"1160","Q4656524","Q4657677",34
"1161","Q4656524","Q4657775",46
"1162","Q4656524","Q4657797",56
"1163","Q4656524","Q4663253",65
"1164","Q4656524","Q4663261",74
"1165","Q4656524","Q4663273",24
"1166","Q4656524","Q4663309",50
"1167","Q4656524","Q4663321",47
"1168","Q4656524","Q4663356",67
"1169","Q4656524","Q4663389",65
"1170","Q4656524","Q4663903",53
"1171","Q4656524","Q4663914",66
"1172","Q4656524","Q4663933",27
"1173","Q4656524","Q4663944",29
"1174","Q4656524","Q4663975",43
"1175","Q4656524","Q4663994",45
"1176","Q4656524","Q4664011",70
"1177","Q4656524","Q4664090",41
"1178","Q4656524","Q4664109",59
"1179","Q4656524","Q4994848",66
"1180","Q4656524","Q55386965",52
"1181","Q4656524","Q642335",71
"1182","Q4656524","Q79951",75
"1183","Q4656524","Q9276887",18
"1184","Q4656540","Q4656551",5
"1185","Q4656540","Q4656567",17
"1186","Q4656540","Q4657130",4
"1187","Q4656540","Q4657322",24
"1188","Q4656540","Q4657349",15
"1189","Q4656540","Q4657380",14
"1190","Q4656540","Q4657574",28
"1191","Q4656540","Q4657623",24
"1192","Q4656540","Q4657677",18
"1193","Q4656540","Q4657775",24
"1194","Q4656540","Q4657797",22
"1195","Q4656540","Q4663253",27
"1196","Q4656540","Q4663261",26
"1197","Q4656540","Q4663273",15
"1198","Q4656540","Q4663309",23
"1199","Q4656540","Q4663321",22
"1200","Q4656540","Q4663356",27
"1201","Q4656540","Q4663389",24
"1202","Q4656540","Q4663903",23
"1203","Q4656540","Q4663914",25
"1204","Q4656540","Q4663933",18
"1205","Q4656540","Q4663944",19
"1206","Q4656540","Q4663975",25
"1207","Q4656540","Q4663994",23
"1208","Q4656540","Q4664011",27
"1209","Q4656540","Q4664090",23
"1210","Q4656540","Q4664109",24
"1211","Q4656540","Q4994848",28
"1212","Q4656540","Q55386965",26
"1213","Q4656540","Q642335",28
"1214","Q4656540","Q79951",25
"1215","Q4656540","Q9276887",10
"1216","Q4656551","Q4656567",3
"1217","Q4656551","Q4657130",2
"1218","Q4656551","Q4657322",4
"1219","Q4656551","Q4657349",5
"1220","Q4656551","Q4657380",4
"1221","Q4656551","Q4657574",6
"1222","Q4656551","Q4657623",5
"1223","Q4656551","Q4657677",7
"1224","Q4656551","Q4657775",6
"1225","Q4656551","Q4657797",4
"1226","Q4656551","Q4663253",7
"1227","Q4656551","Q4663261",7
"1228","Q4656551","Q4663273",3
"1229","Q4656551","Q4663309",5
"1230","Q4656551","Q4663321",4
"1231","Q4656551","Q4663356",6
"1232","Q4656551","Q4663389",5
"1233","Q4656551","Q4663903",5
"1234","Q4656551","Q4663914",4
"1235","Q4656551","Q4663933",4
"1236","Q4656551","Q4663944",4
"1237","Q4656551","Q4663975",5
"1238","Q4656551","Q4663994",5
"1239","Q4656551","Q4664011",7
"1240","Q4656551","Q4664090",6
"1241","Q4656551","Q4664109",6
"1242","Q4656551","Q4994848",6
"1243","Q4656551","Q55386965",6
"1244","Q4656551","Q642335",5
"1245","Q4656551","Q79951",5
"1246","Q4656551","Q9276887",2
"1247","Q4656567","Q4657130",3
"1248","Q4656567","Q4657322",27
"1249","Q4656567","Q4657349",16
"1250","Q4656567","Q4657380",20
"1251","Q4656567","Q4657574",35
"1252","Q4656567","Q4657623",27
"1253","Q4656567","Q4657677",22
"1254","Q4656567","Q4657775",28
"1255","Q4656567","Q4657797",29
"1256","Q4656567","Q4663253",32
"1257","Q4656567","Q4663261",33
"1258","Q4656567","Q4663273",14
"1259","Q4656567","Q4663309",24
"1260","Q4656567","Q4663321",28
"1261","Q4656567","Q4663356",34
"1262","Q4656567","Q4663389",30
"1263","Q4656567","Q4663903",27
"1264","Q4656567","Q4663914",31
"1265","Q4656567","Q4663933",19
"1266","Q4656567","Q4663944",20
"1267","Q4656567","Q4663975",28
"1268","Q4656567","Q4663994",23
"1269","Q4656567","Q4664011",34
"1270","Q4656567","Q4664090",24
"1271","Q4656567","Q4664109",29
"1272","Q4656567","Q4994848",34
"1273","Q4656567","Q55386965",28
"1274","Q4656567","Q642335",33
"1275","Q4656567","Q79951",33
"1276","Q4656567","Q9276887",10
"1277","Q4657130","Q4657322",4
"1278","Q4657130","Q4657349",5
"1279","Q4657130","Q4657380",3
"1280","Q4657130","Q4657574",7
"1281","Q4657130","Q4657623",6
"1282","Q4657130","Q4657677",5
"1283","Q4657130","Q4657775",6
"1284","Q4657130","Q4657797",3
"1285","Q4657130","Q4663253",7
"1286","Q4657130","Q4663261",7
"1287","Q4657130","Q4663273",3
"1288","Q4657130","Q4663309",5
"1289","Q4657130","Q4663321",4
"1290","Q4657130","Q4663356",6
"1291","Q4657130","Q4663389",6
"1292","Q4657130","Q4663903",5
"1293","Q4657130","Q4663914",5
"1294","Q4657130","Q4663933",3
"1295","Q4657130","Q4663944",4
"1296","Q4657130","Q4663975",5
"1297","Q4657130","Q4663994",4
"1298","Q4657130","Q4664011",8
"1299","Q4657130","Q4664090",5
"1300","Q4657130","Q4664109",5
"1301","Q4657130","Q4994848",8
"1302","Q4657130","Q55386965",6
"1303","Q4657130","Q642335",7
"1304","Q4657130","Q79951",6
"1305","Q4657130","Q9276887",1
"1306","Q4657322","Q4657349",22
"1307","Q4657322","Q4657380",22
"1308","Q4657322","Q4657574",49
"1309","Q4657322","Q4657623",39
"1310","Q4657322","Q4657677",27
"1311","Q4657322","Q4657775",34
"1312","Q4657322","Q4657797",39
"1313","Q4657322","Q4663253",45
"1314","Q4657322","Q4663261",48
"1315","Q4657322","Q4663273",23
"1316","Q4657322","Q4663309",37
"1317","Q4657322","Q4663321",35
"1318","Q4657322","Q4663356",47
"1319","Q4657322","Q4663389",46
"1320","Q4657322","Q4663903",40
"1321","Q4657322","Q4663914",45
"1322","Q4657322","Q4663933",25
"1323","Q4657322","Q4663944",23
"1324","Q4657322","Q4663975",37
"1325","Q4657322","Q4663994",30
"1326","Q4657322","Q4664011",47
"1327","Q4657322","Q4664090",34
"1328","Q4657322","Q4664109",44
"1329","Q4657322","Q4994848",51
"1330","Q4657322","Q55386965",39
"1331","Q4657322","Q642335",51
"1332","Q4657322","Q79951",48
"1333","Q4657322","Q9276887",16
"1334","Q4657349","Q4657380",14
"1335","Q4657349","Q4657574",26
"1336","Q4657349","Q4657623",25
"1337","Q4657349","Q4657677",19
"1338","Q4657349","Q4657775",24
"1339","Q4657349","Q4657797",21
"1340","Q4657349","Q4663253",27
"1341","Q4657349","Q4663261",27
"1342","Q4657349","Q4663273",14
"1343","Q4657349","Q4663309",22
"1344","Q4657349","Q4663321",18
"1345","Q4657349","Q4663356",25
"1346","Q4657349","Q4663389",23
"1347","Q4657349","Q4663903",23
"1348","Q4657349","Q4663914",22
"1349","Q4657349","Q4663933",14
"1350","Q4657349","Q4663944",17
"1351","Q4657349","Q4663975",22
"1352","Q4657349","Q4663994",18
"1353","Q4657349","Q4664011",27
"1354","Q4657349","Q4664090",22
"1355","Q4657349","Q4664109",24
"1356","Q4657349","Q4994848",26
"1357","Q4657349","Q55386965",24
"1358","Q4657349","Q642335",27
"1359","Q4657349","Q79951",26
"1360","Q4657349","Q9276887",11
"1361","Q4657380","Q4657574",27
"1362","Q4657380","Q4657623",26
"1363","Q4657380","Q4657677",16
"1364","Q4657380","Q4657775",24
"1365","Q4657380","Q4657797",22
"1366","Q4657380","Q4663253",26
"1367","Q4657380","Q4663261",27
"1368","Q4657380","Q4663273",13
"1369","Q4657380","Q4663309",23
"1370","Q4657380","Q4663321",23
"1371","Q4657380","Q4663356",25
"1372","Q4657380","Q4663389",25
"1373","Q4657380","Q4663903",21
"1374","Q4657380","Q4663914",25
"1375","Q4657380","Q4663933",15
"1376","Q4657380","Q4663944",16
"1377","Q4657380","Q4663975",20
"1378","Q4657380","Q4663994",22
"1379","Q4657380","Q4664011",27
"1380","Q4657380","Q4664090",21
"1381","Q4657380","Q4664109",25
"1382","Q4657380","Q4994848",27
"1383","Q4657380","Q55386965",23
"1384","Q4657380","Q642335",26
"1385","Q4657380","Q79951",26
"1386","Q4657380","Q9276887",12
"1387","Q4657574","Q4657623",56
"1388","Q4657574","Q4657677",37
"1389","Q4657574","Q4657775",46
"1390","Q4657574","Q4657797",61
"1391","Q4657574","Q4663253",74
"1392","Q4657574","Q4663261",82
"1393","Q4657574","Q4663273",25
"1394","Q4657574","Q4663309",51
"1395","Q4657574","Q4663321",51
"1396","Q4657574","Q4663356",66
"1397","Q4657574","Q4663389",67
"1398","Q4657574","Q4663903",58
"1399","Q4657574","Q4663914",71
"1400","Q4657574","Q4663933",27
"1401","Q4657574","Q4663944",30
"1402","Q4657574","Q4663975",45
"1403","Q4657574","Q4663994",46
"1404","Q4657574","Q4664011",76
"1405","Q4657574","Q4664090",46
"1406","Q4657574","Q4664109",67
"1407","Q4657574","Q4994848",79
"1408","Q4657574","Q55386965",57
"1409","Q4657574","Q642335",80
"1410","Q4657574","Q79951",80
"1411","Q4657574","Q9276887",18
"1412","Q4657623","Q4657677",28
"1413","Q4657623","Q4657775",40
"1414","Q4657623","Q4657797",47
"1415","Q4657623","Q4663253",53
"1416","Q4657623","Q4663261",54
"1417","Q4657623","Q4663273",22
"1418","Q4657623","Q4663309",42
"1419","Q4657623","Q4663321",38
"1420","Q4657623","Q4663356",51
"1421","Q4657623","Q4663389",51
"1422","Q4657623","Q4663903",43
"1423","Q4657623","Q4663914",48
"1424","Q4657623","Q4663933",24
"1425","Q4657623","Q4663944",27
"1426","Q4657623","Q4663975",38
"1427","Q4657623","Q4663994",37
"1428","Q4657623","Q4664011",52
"1429","Q4657623","Q4664090",38
"1430","Q4657623","Q4664109",46
"1431","Q4657623","Q4994848",54
"1432","Q4657623","Q55386965",42
"1433","Q4657623","Q642335",54
"1434","Q4657623","Q79951",53
"1435","Q4657623","Q9276887",18
"1436","Q4657677","Q4657775",27
"1437","Q4657677","Q4657797",32
"1438","Q4657677","Q4663253",36
"1439","Q4657677","Q4663261",40
"1440","Q4657677","Q4663273",12
"1441","Q4657677","Q4663309",22
"1442","Q4657677","Q4663321",27
"1443","Q4657677","Q4663356",34
"1444","Q4657677","Q4663389",30
"1445","Q4657677","Q4663903",29
"1446","Q4657677","Q4663914",33
"1447","Q4657677","Q4663933",15
"1448","Q4657677","Q4663944",19
"1449","Q4657677","Q4663975",30
"1450","Q4657677","Q4663994",22
"1451","Q4657677","Q4664011",39
"1452","Q4657677","Q4664090",26
"1453","Q4657677","Q4664109",33
"1454","Q4657677","Q4994848",37
"1455","Q4657677","Q55386965",31
"1456","Q4657677","Q642335",35
"1457","Q4657677","Q79951",34
"1458","Q4657677","Q9276887",10
"1459","Q4657775","Q4657797",37
"1460","Q4657775","Q4663253",43
"1461","Q4657775","Q4663261",46
"1462","Q4657775","Q4663273",21
"1463","Q4657775","Q4663309",36
"1464","Q4657775","Q4663321",33
"1465","Q4657775","Q4663356",47
"1466","Q4657775","Q4663389",43
"1467","Q4657775","Q4663903",39
"1468","Q4657775","Q4663914",40
"1469","Q4657775","Q4663933",22
"1470","Q4657775","Q4663944",26
"1471","Q4657775","Q4663975",35
"1472","Q4657775","Q4663994",35
"1473","Q4657775","Q4664011",47
"1474","Q4657775","Q4664090",33
"1475","Q4657775","Q4664109",39
"1476","Q4657775","Q4994848",44
"1477","Q4657775","Q55386965",37
"1478","Q4657775","Q642335",45
"1479","Q4657775","Q79951",45
"1480","Q4657775","Q9276887",15
"1481","Q4657797","Q4663253",57
"1482","Q4657797","Q4663261",63
"1483","Q4657797","Q4663273",22
"1484","Q4657797","Q4663309",42
"1485","Q4657797","Q4663321",37
"1486","Q4657797","Q4663356",53
"1487","Q4657797","Q4663389",49
"1488","Q4657797","Q4663903",48
"1489","Q4657797","Q4663914",51
"1490","Q4657797","Q4663933",24
"1491","Q4657797","Q4663944",26
"1492","Q4657797","Q4663975",40
"1493","Q4657797","Q4663994",37
"1494","Q4657797","Q4664011",60
"1495","Q4657797","Q4664090",38
"1496","Q4657797","Q4664109",48
"1497","Q4657797","Q4994848",60
"1498","Q4657797","Q55386965",44
"1499","Q4657797","Q642335",60
"1500","Q4657797","Q79951",59
"1501","Q4657797","Q9276887",16
"1502","Q4663253","Q4663261",79
"1503","Q4663253","Q4663273",26
"1504","Q4663253","Q4663309",50
"1505","Q4663253","Q4663321",45
"1506","Q4663253","Q4663356",65
"1507","Q4663253","Q4663389",60
"1508","Q4663253","Q4663903",55
"1509","Q4663253","Q4663914",58
"1510","Q4663253","Q4663933",27
"1511","Q4663253","Q4663944",29
"1512","Q4663253","Q4663975",44
"1513","Q4663253","Q4663994",45
"1514","Q4663253","Q4664011",72
"1515","Q4663253","Q4664090",44
"1516","Q4663253","Q4664109",62
"1517","Q4663253","Q4994848",76
"1518","Q4663253","Q55386965",55
"1519","Q4663253","Q642335",73
"1520","Q4663253","Q79951",69
"1521","Q4663253","Q9276887",17
"1522","Q4663261","Q4663273",26
"1523","Q4663261","Q4663309",52
"1524","Q4663261","Q4663321",47
"1525","Q4663261","Q4663356",68
"1526","Q4663261","Q4663389",66
"1527","Q4663261","Q4663903",62
"1528","Q4663261","Q4663914",68
"1529","Q4663261","Q4663933",25
"1530","Q4663261","Q4663944",30
"1531","Q4663261","Q4663975",47
"1532","Q4663261","Q4663994",44
"1533","Q4663261","Q4664011",85
"1534","Q4663261","Q4664090",45
"1535","Q4663261","Q4664109",73
"1536","Q4663261","Q4994848",89
"1537","Q4663261","Q55386965",58
"1538","Q4663261","Q642335",88
"1539","Q4663261","Q79951",84
"1540","Q4663261","Q9276887",17
"1541","Q4663273","Q4663309",22
"1542","Q4663273","Q4663321",19
"1543","Q4663273","Q4663356",25
"1544","Q4663273","Q4663389",26
"1545","Q4663273","Q4663903",21
"1546","Q4663273","Q4663914",24
"1547","Q4663273","Q4663933",18
"1548","Q4663273","Q4663944",20
"1549","Q4663273","Q4663975",22
"1550","Q4663273","Q4663994",20
"1551","Q4663273","Q4664011",24
"1552","Q4663273","Q4664090",21
"1553","Q4663273","Q4664109",22
"1554","Q4663273","Q4994848",25
"1555","Q4663273","Q55386965",25
"1556","Q4663273","Q642335",26
"1557","Q4663273","Q79951",26
"1558","Q4663273","Q9276887",10
"1559","Q4663309","Q4663321",35
"1560","Q4663309","Q4663356",50
"1561","Q4663309","Q4663389",46
"1562","Q4663309","Q4663903",40
"1563","Q4663309","Q4663914",48
"1564","Q4663309","Q4663933",24
"1565","Q4663309","Q4663944",23
"1566","Q4663309","Q4663975",35
"1567","Q4663309","Q4663994",35
"1568","Q4663309","Q4664011",50
"1569","Q4663309","Q4664090",36
"1570","Q4663309","Q4664109",47
"1571","Q4663309","Q4994848",49
"1572","Q4663309","Q55386965",40
"1573","Q4663309","Q642335",52
"1574","Q4663309","Q79951",50
"1575","Q4663309","Q9276887",17
"1576","Q4663321","Q4663356",44
"1577","Q4663321","Q4663389",44
"1578","Q4663321","Q4663903",36
"1579","Q4663321","Q4663914",47
"1580","Q4663321","Q4663933",24
"1581","Q4663321","Q4663944",27
"1582","Q4663321","Q4663975",34
"1583","Q4663321","Q4663994",31
"1584","Q4663321","Q4664011",45
"1585","Q4663321","Q4664090",33
"1586","Q4663321","Q4664109",42
"1587","Q4663321","Q4994848",46
"1588","Q4663321","Q55386965",38
"1589","Q4663321","Q642335",48
"1590","Q4663321","Q79951",47
"1591","Q4663321","Q9276887",15
"1592","Q4663356","Q4663389",58
"1593","Q4663356","Q4663903",52
"1594","Q4663356","Q4663914",58
"1595","Q4663356","Q4663933",27
"1596","Q4663356","Q4663944",29
"1597","Q4663356","Q4663975",46
"1598","Q4663356","Q4663994",46
"1599","Q4663356","Q4664011",67
"1600","Q4663356","Q4664090",41
"1601","Q4663356","Q4664109",56
"1602","Q4663356","Q4994848",65
"1603","Q4663356","Q55386965",51
"1604","Q4663356","Q642335",68
"1605","Q4663356","Q79951",65
"1606","Q4663356","Q9276887",17
"1607","Q4663389","Q4663903",49
"1608","Q4663389","Q4663914",58
"1609","Q4663389","Q4663933",26
"1610","Q4663389","Q4663944",28
"1611","Q4663389","Q4663975",41
"1612","Q4663389","Q4663994",42
"1613","Q4663389","Q4664011",62
"1614","Q4663389","Q4664090",42
"1615","Q4663389","Q4664109",57
"1616","Q4663389","Q4994848",63
"1617","Q4663389","Q55386965",50
"1618","Q4663389","Q642335",67
"1619","Q4663389","Q79951",69
"1620","Q4663389","Q9276887",17
"1621","Q4663903","Q4663914",48
"1622","Q4663903","Q4663933",22
"1623","Q4663903","Q4663944",25
"1624","Q4663903","Q4663975",40
"1625","Q4663903","Q4663994",35
"1626","Q4663903","Q4664011",57
"1627","Q4663903","Q4664090",37
"1628","Q4663903","Q4664109",50
"1629","Q4663903","Q4994848",61
"1630","Q4663903","Q55386965",47
"1631","Q4663903","Q642335",58
"1632","Q4663903","Q79951",57
"1633","Q4663903","Q9276887",14
"1634","Q4663914","Q4663933",26
"1635","Q4663914","Q4663944",28
"1636","Q4663914","Q4663975",42
"1637","Q4663914","Q4663994",41
"1638","Q4663914","Q4664011",61
"1639","Q4663914","Q4664090",37
"1640","Q4663914","Q4664109",55
"1641","Q4663914","Q4994848",63
"1642","Q4663914","Q55386965",52
"1643","Q4663914","Q642335",66
"1644","Q4663914","Q79951",67
"1645","Q4663914","Q9276887",18
"1646","Q4663933","Q4663944",19
"1647","Q4663933","Q4663975",24
"1648","Q4663933","Q4663994",25
"1649","Q4663933","Q4664011",26
"1650","Q4663933","Q4664090",21
"1651","Q4663933","Q4664109",25
"1652","Q4663933","Q4994848",27
"1653","Q4663933","Q55386965",24
"1654","Q4663933","Q642335",26
"1655","Q4663933","Q79951",26
"1656","Q4663933","Q9276887",13
"1657","Q4663944","Q4663975",27
"1658","Q4663944","Q4663994",26
"1659","Q4663944","Q4664011",30
"1660","Q4663944","Q4664090",26
"1661","Q4663944","Q4664109",25
"1662","Q4663944","Q4994848",29
"1663","Q4663944","Q55386965",29
"1664","Q4663944","Q642335",29
"1665","Q4663944","Q79951",29
"1666","Q4663944","Q9276887",11
"1667","Q4663975","Q4663994",32
"1668","Q4663975","Q4664011",44
"1669","Q4663975","Q4664090",33
"1670","Q4663975","Q4664109",40
"1671","Q4663975","Q4994848",46
"1672","Q4663975","Q55386965",42
"1673","Q4663975","Q642335",46
"1674","Q4663975","Q79951",45
"1675","Q4663975","Q9276887",13
"1676","Q4663994","Q4664011",45
"1677","Q4663994","Q4664090",30
"1678","Q4663994","Q4664109",40
"1679","Q4663994","Q4994848",43
"1680","Q4663994","Q55386965",36
"1681","Q4663994","Q642335",45
"1682","Q4663994","Q79951",43
"1683","Q4663994","Q9276887",16
"1684","Q4664011","Q4664090",46
"1685","Q4664011","Q4664109",65
"1686","Q4664011","Q4994848",82
"1687","Q4664011","Q55386965",54
"1688","Q4664011","Q642335",79
"1689","Q4664011","Q79951",72
"1690","Q4664011","Q9276887",18
"1691","Q4664090","Q4664109",41
"1692","Q4664090","Q4994848",45
"1693","Q4664090","Q55386965",39
"1694","Q4664090","Q642335",45
"1695","Q4664090","Q79951",45
"1696","Q4664090","Q9276887",12
"1697","Q4664109","Q4994848",68
"1698","Q4664109","Q55386965",49
"1699","Q4664109","Q642335",69
"1700","Q4664109","Q79951",65
"1701","Q4664109","Q9276887",17
"1702","Q4994848","Q55386965",56
"1703","Q4994848","Q642335",82
"1704","Q4994848","Q79951",74
"1705","Q4994848","Q9276887",17
"1706","Q55386965","Q642335",58
"1707","Q55386965","Q79951",58
"1708","Q55386965","Q9276887",14
"1709","Q642335","Q79951",79
"1710","Q642335","Q9276887",17
"1711","Q79951","Q9276887",17
